-6°F Out... Now They Both Don't Have Heat	False
"#DEX to make 10x, INVEST $100 AND RECEIVE $1000 Biswap, PancakeSwap, Position and more..."	False
"#PIONEX ARBITRAGE BOTS I""VE TRIED FOR 365DAYS HERES THE RESULTS!!!"	True
"#PIONEX ARBITRAGE BOTS I""VE TRIED FOR 365DAYS HERES THE RESULTS!!!"	True
"$1,000,000 using the Ethereum trading bot! You can too!"	True
"$20,000 in ETH What We Buying? • Shill me 100X CRYPTO | Yon World Live"	False
"$3,200 on Ethereum Network on Flash Loan Arbitrage Attack | New Flash Contract Code on Description"	True
"3 Binance Smart Chain Tokens With 10X Gains | PancakeSwap, Venus Protocol, BakerySwap & Binance Coin"	False
":fire:""Huge Opportunity for Crypto.."" PULSECHAIN RICHARD HEART & DAVINCI JEREMIE Interview | CRYPTOPRNR"	False
":high voltage:IMPORTANT! PANCAKESWAP must face its biggest challenge, Uniswap. Passive income at APTOS"	False
":red circle:COME EFFETTUARE UNA COMPRA-VENDITA SU UNISWAP, ACQUISTO-VENDITA DI CRIPTO"	False
"A HUGE PUMP FOR SUSHI  IS ON THE WAY - SUSHISWAP PRICE PREDICTION 2023, 2024, 2025"	False
"ALTCOINs We ""Yearn"" For!? Two Coins Ready to MOON!!!"	False
"AMAZING!! ""NO CODE"" FREE FLASH LOAN ARBITRAGE BOT."	True
"AMAZING!! ""NO CODE"" FREE FLASH LOAN ARBITRAGE BOT."	True
"Amzdoge unlimited arbitrage, make 20usdt daily on amzdoge crypto arbitrage bot ? - Amzdoge review"	False
"Arbitrage bot on Polygon (MATIC) makes 218 ETH (or $828,000) in profits | bitcoin news | crypto news"	True
"B #HOW TO EARN $1,000,000  BY  2022 METHOD ON FLASHLOANS ARBITRAGE…"	True
"B #HOW TO EARN $1,000,000  BY  2022 METHOD ON FLASHLOANS ARBITRAGE…"	True
"Big update Feminist wallet,F token listed pancakeswap,daily =128 F token,best online income app 2023"	False
"Bitcoin 24,000 buy & How to Invest $1000 in Cryptocurrency in 2023 to Become A Millionaire"	False
"Bitcoin And Ethereum Price Consolidates As XRP, Uniswap, Quant and EGLD Show Massive Gains"	False
"Bitcoin Bottom: Miners Capitulation Begins, XRP & DOGE Uniswap!"	False
"BlockFi Coinage - Make 4.5% Daily or More for 60 Days, Great Long Running Passive Income Machine!"	False
"Brix Traders - Earn 2% Daily for 60 Days, Fast and Easy for Passive Income - Great Opportunity"	False
"Build, Test and Deploy a Yield Farming Strategy  for wBTC using AAVE and Uniswap - Badger DAO"	False
"CRYPTOCURRENCY NEWS: With Pancakeswap CAKE, Oryen ORY, and Binance Coin BNB, you may generate..."	False
"Citation X Approach, Landing and Shutdown Tutorial – X-Plane 12"	False
"Claim FREE 100,000 LUNA :money bag: in Your Wallet Now | FREE LUNA"	False
"DEFI: Secrets of Income Liquidity Pools Uniswap v3: Range Selection, IL, Fund Strategies #uniswap"	False
"DON'T STAND IN THE AP GANGPLANK ULT, OR YOU'LL GET BLASTED! (AIRSTRIKE GANGPLANK)"	False
"DON'T STAND IN THE FULL AP EZREAL ULT, OR YOU'LL GET ONE SHOT! (HUGE ULTS)"	False
"Day 6: Clustering all USDC pairs in Uniswap V2 by Usage, MEV, and Routing"	False
"DeFi ""Degens"" PUMP Hotdog token | SushiSwap takes on Uniswap | MINING PROFITS UP BIG!"	False
"DeFi Lunch (Ep 208) - Oct. 4, 2022 - jared grey SushiSwap Chef / Mining Argentina / Daily EVM tx"	False
"Do you want $5,000 worth of $SHIB?"	False
"ETHEREUM CLASSIC, UNISWAP PRICE PREDICTION 2022 | PRICE UPDATE | NEWS AND UPDATE"	False
"ETHEREUM to $10,000!! It's all a GAME! We are just PLAYERS!"	False
"Earn $1,000+/DAY With a Slippage Bot (Easy ETH Arbitrage MEV Bot Tutorial For Uniswap) (2023)"	True
"Earn $1,000+/DAY With a Slippage Bot (Easy ETH Arbitrage MEV Bot Tutorial For Uniswap) (2023)"	True
"Earn 14 BNB ($7,126) using PancakeSwap BNB Flash Loan Arbitrage Tutorial New Contract Code"	True
"Earn 14 BNB ($7,126) using PancakeSwap BNB Flash Loan Arbitrage Tutorial New Contract Code"	True
"Earn AVAX Flash Loan Attack Trick On Metamask Works Perfectly, Try With 13 Avax"	True
"Earn AVAX Flash Loan Attack Trick On Metamask Works Perfectly, Try With 13 Avax"	True
"Earn free BNB in just 5 minutes | Up to 20 BNB daily, BNB Flash loan attack | New: April 2022"	True
"Earn on crypto arbitrage right now, 10% for 10 minutes | 1BNB FOR 10 minutes"	True
"Earn on crypto arbitrage right now, 10% for 10 minutes | 1BNB FOR 10 minutes"	True
"Easy way to use Pancakeswap front run bot, anyone can do it."	True
"Ethereum Megabot, 10 ETH em 1 minuto uniswap sniper bot"	True
"Ethereum Megabot, 10 ETH em 1 minuto uniswap sniper bot"	True
"Everstake i Aaptos, Bug Bounty na Transit Finance | EN subtitles | Crypto Announcement [#178]"	False
"Explain the options platform Dopex in detail, and teach you how to use Plutus to increase your pledge income!"	False
"FREE Honeypot Scam Contract, Approval Block, Poocoin ENABLED - BNB, ETH, AVAX"	True
"Forget the Crash, Crypto Is The Future - Cathie Wood And Brian Armstrong,"	False
"Free Trial | Crypto trading bot (Metamask, Pancakeswap, Uniswap) 2022 :fire:"	True
"Free Trial | Crypto trading bot (Metamask, Pancakeswap, Uniswap) 2022 :fire:"	True
"Free Trial | Crypto trading bot (Metamask, Pancakeswap, Uniswap) 2022 :fire:"	True
"Free Trial | Crypto trading bot (Metamask, Pancakeswap, Uniswap) 2022 :fire:"	True
"Front Running Bot for PancakeSwap, Free Contract + How To Trading Bot Latest Update - Profit 10x"	True
"GET Free 1000 BNB/ETH | Uniswap, Pancakeswap & Sushiswap Flashloan Arbitrage"	True
"GET Free 1000 BNB/ETH | Uniswap, Pancakeswap & Sushiswap Flashloan Arbitrage"	True
"Generic Blockchains Don’t Work. Building A Layer 1 Specifically For DeFi | Piers Ridyard, CEO Radix"	False
"Hello, I'm here 921""	False
"How I Got 32,800 Uniswap into Trust Wallet Instantly"	False
"How I Made $1,000 in 24 HOURS With A ChatGPT Arbitrage Bot - EASY 2023"	True
"How I Made $1,000 in 24 HOURS With A ChatGPT Arbitrage Bot - EASY 2023"	True
"How I Make 4 ETH in 1 Minute - Uniswap, Try with 0.05 ETH [ACTUALLY WORKING] 2022.."	True
"How I Make 4 ETH in 1 Minute - Uniswap, Try with 0.05 ETH [ACTUALLY WORKING] 2022.."	True
"How To CREATE HIGH QUALITY IMAGES With MidJourney? Version 4, Base Settings, & Upscaling"	False
"How To Do Cryptocurrency Taxes in 2021 | CryptoTrader.Tax - Walkthrough | Coinbase, Binance, Uniswap"	False
"How To Minimize Slippage Tolerance Of Pancakeswap ,Lowest PancakeSwap Slippage Tolerance? #Shorts"	False
"How To Swap or Withdraw METAWAR into ETH. Sell Metawar Token in Trustwallet, Metamask or any Wallet"	False
"How do LIQUIDITY POOLS work? (Uniswap, Sushiswap, Pancakeswap) | Cryptocurrency Guide"	False
"How to  make $1,000+/DAY using a Uniswap Ethereum MEV Bot | May 2023 (UPDATED) #ethereum"	True
"How to  make $1,000+/DAY using a Uniswap Ethereum MEV Bot | May 2023 (UPDATED) #ethereum"	True
"How to Buy, Sell or Swap any Token on Trust Wallet using POOCOIN.APP"	False
"How to Earn  $16,000,000 on Binance Flash Loan using…"	True
"How to Make $1,000  DAY With an Ethereum MEV Bot   Easy Tutorial Step by Step"	True
"How to Make $1,000  DAY With an Ethereum MEV Bot   Easy Tutorial Step by Step"	True
"How to Make $1,000+ DAY With an Ethereum MEV Bot - Easy Tutorial Step by Step"	True
"How to Make $1,000+/DAY With an Ethereum Uniswap Arbitrage MEV Bot - Easy Tutorial"	True
"How to Make $1,000+/DAY With an Ethereum Uniswap Arbitrage MEV Bot - Easy Tutorial"	True
"How to Make $1,000+/DAY using a Uniswap Ethereum MEV Bot | May 2023 (UPDATED) #ethereum"	True
"How to Make $1,000+/DAY using a Uniswap Ethereum MEV Bot | May 2023 (UPDATED) #ethereum"	True
"How to Sell METAWAR airdrop tokens in Trustwallet, Coinbase, Metamask or any wallet! Swap MetaWar!"	False
"How to Swap Minereum BSC (MNEB) to BNB, Ethereum or USDT. How to Sell MNEB Token.  #Minereum #mneb"	False
"How to buy the $WSI token in the Public Sale from 1 Dec 2022, 8pm (CET). #pancakeswap #wesendit"	False
"How to get $1,000+/DAY With a SLIPPAGE Bot (Easy ETH Arbitrage MEV Bot Tutorial with Uniswap) (2023)"	True
"How to get $1,000+/DAY With a SLIPPAGE Bot (Easy ETH Arbitrage MEV Bot Tutorial with Uniswap) (2023)"	True
"How to make $1,000+/DAY passive income with Uniswap & Ethereum - Full Tutorial"	True
"How to make $1,000+/DAY passive income with Uniswap & Ethereum - Full Tutorial"	True
"How to turn on Expert Mode, disable Multihops in SushiSwap?"	False
"Huge Cryptocurrency Surge Coming!! Stimulus Checks, Uniswap V3, JPMorgan"	False
"Hurry!r daily earnings with Avax Flash Loan Secret in Arbitrage might range from $500 to $20,000."	True
"Hurry!r daily earnings with Avax Flash Loan Secret in Arbitrage might range from $500 to $20,000."	True
"I Warned You About Meet Kevin, Graham Stephan And jeremy lefebvre | FTX Scandal"	False
"I'm Investing over $20,000 into Uniswap V3 -- WHY?!"	False
"IMPORTANT MESSAGE TO THE INVESTORS THAT HATE SHIBARIUM!!! (BONE TOKEN, $LEASH, $SHIB)"	False
"If you had bought this UNISWAP for $100 a few years ago, this is how much you would have today."	False
"Incredible LUNC, Ripple (XRP) and Shiba Forecast: Coming to These Prices! Cryptocurrency news last minute"	False
"Interview /w KG - HEX, PulseChain, Internet Money, BUIDL IN CRYPTO BEAR MARKET"	False
"Is Binance In TROUBLE? - USDD Depegs, KuCoin, UNISwap & More - Crypto News Today"	False
"Jacob Gadikian: Cosmos Core Developer About Running a Validator, Cosmos Hub ATOM, Juno & More!"	False
"Just lost $15,865 with Wonderland (TIME): Too good to be true??"	False
"LIVE: Fortnite No Build, The Bot Slayer! (Last Stream of 2022!)"	False
"Live CRYPTO Chat, Bitcoin, ETH, Altcoins."	False
"MEV Part 1: Front Running, Back Running & Sandwich Trading"	False
"Make #100,000-200,000 daily on Localcoin tron Arbitrage."	False
"Make $100,000 In 30 Days Challenge With UniSwap - The Graph - Band Protocol ( UPDATE Day 10 )"	False
"Make $100,000 In 30 Days Challenge With UniSwap - The Graph - Band Protocol ( UPDATE Day 14 )"	False
"Make 100k+ on Buying U.S dollar from Amazon at Bank Rate, Amazon KDP."	False
"Make Money Trading With This Bot. Guaranteed Daily, Live Trading. Cardless arbitrage."	False
"Make a ""Triangular arbitrage"" crypto trading bot"	False
"Maker Dao, Aave, Uniswap & DeFi Protocols Review (ft. @Caio Investe ) | Casual Crypto"	False
"Metamask Trading Bot   Pancakeswap, Poocoin Auto Trading   FREE BOT + TUTORIAL"	True
"Metamask Trading Bot   Pancakeswap, Poocoin Auto Trading   FREE BOT + TUTORIAL"	True
"Metamask Trading Bot / Pancakeswap, Poocoin Auto Trading / FREE BOT + TUTORIAL"	True
"Metamask Trading Bot / Pancakeswap, Poocoin Auto Trading / FREE BOT + TUTORIAL"	True
"Metamask Trading Bot / Pancakeswap, Poocoin Auto Trading / FREE BOT + TUTORIAL"	True
"Metamask Trading Bot / Pancakeswap, Poocoin Auto Trading / FREE BOT + TUTORIAL"	True
"Metamask Trading Bot / Pancakeswap, Poocoin Auto Trading / FREE BOT + TUTORIAL"	False
"Metamask Trading Bot / Pancakeswap, Poocoin Auto Trading / FREE BOT + TUTORIAL"	True
"Metamask Trading Bot / Pancakeswap, Poocoin Auto Trading / FREE BOT + TUTORIAL"	True
"Metamask Trading Bot / Pancakeswap, Poocoin Auto Trading / FREE BOT + TUTORIAL"	True
"Metamask Trading Bot / Pancakeswap, Poocoin Auto Trading / FREE BOT + TUTORIAL"	True
"Metamask Trading Bot / Pancakeswap, Poocoin Auto Trading / FREE BOT + TUTORIAL"	False
"Metamask Trading Bot / Pancakeswap, Poocoin Auto Trading / FREE BOT + TUTORIAL"	True
"Metamask Trading Bot / Pancakeswap, Poocoin Auto Trading / FREE BOT + TUTORIAL"	True
"Metamask Trading Bot / Pancakeswap, Poocoin Auto Trading / FREE BOT + TUTORIAL"	True
"Metamask Trading Bot / Pancakeswap, Poocoin Auto Trading / FREE BOT + TUTORIAL"	True
"Metamask Trading Bot / Pancakeswap, Poocoin Auto Trading / TUTORIAL"	True
"Metamask Trading Bot / Pancakeswap, Poocoin Auto Trading / TUTORIAL"	True
"Metamask Trading Bot / Pancakeswap, Poocoin Auto Trading / TUTORIAL"	True
"Metamask Trading Bot / Pancakeswap, Poocoin Auto Trading / TUTORIAL"	True
"Metamask Trading Bot / Pancakeswap, Poocoin Auto Trading /FREE BOT"	True
"Metamask Trading Bot / Pancakeswap, Poocoin Auto Trading /FREE BOT"	True
"Metamask Trading Bot / Pancakeswap, Poocoin Auto Trading /FREE BOT"	True
"Metamask Trading Bot / Pancakeswap, Poocoin Auto Trading /FREE BOT"	True
"Moment of Zen E 1 w/ Marc Andreessen on SBF/FTX, Twitter, and Open AI/Chat GPT"	False
"Moonarch.app Sniper Bot // SWAP BOT - BSC, AVAX, ETH, FTM, DOGE"	True
"NEW CRYPTO TODAY :fire: TAMADOGE :fire: TIER-1 EXCHANGE SOON !! :fire: $100,000 REWARDS !!! :money bag: NEW ALTCOIN LAUNCHING"	False
"OCEAN listed on 13 exchanges in 4 months | Kraken, SushiSwap, Crypto.com & more"	False
"One Change For A Face Melting Bitcoin Bull Run..Crypto, Stocks..Everything""	False
"OpenSea Bot / make buy and sell automatically / NFT Bidding, listing, sell Bot / FREE"	True
"PANCAKESWAP Token Airdrop! :rocket: Certik, Massive v2 Updates! Long-Term Growth Altcoin! :blue heart:"	False
"POLYGON MATIC Flash Loan Attack Explain | Free 950 MATIC ($1,800) Crypto Arbitrage Tutorial"	True
"POLYGON MATIC Flash Loan Attack Explain | Free 950 MATIC ($1,800) Crypto Arbitrage Tutorial"	True
"PROFIT, TOKEN INI TIBA-TIBA TEMBUS 50 RIBU RUPIAH:face screaming in fear: SHIBONK USIR BABY DOGE COIN:double exclamation mark:"	False
"Pancake Swap, AAVE, Uniswap: THIS is the top performer of the DEFI coins!"	False
"PancakeSwap Killer: Biswap DEX on BNB Chain Full Guide (Trade, Stake, Farm)"	False
"Pancakeswap Price Prediction - I Just Lost 30,000$ | Crypto Bear Market!""	False
"Pancakeswap Tutorial & Guide - Yield Farming, Liquidity provider and Staking"	False
"Passive Income Programs under $1,000(Part 1) $100-$500 Trading Bot Arbitrage"	False
"RIDOTTO.IO REVIEW - PLAY, BUILD AND EARN! ALL IN ONE APP | RDT TOKEN | MAGANDA NGA BA?"	False
"Resultados X-TEC Trading [Arbitrage Bot] - Lucros diários de 2,30%"	False
"SBF is Back, Yuga Labs New CEO, Artificial Intelligence - Two Bored Apes NFT Podcast"	False
"SUSHI Sushi swap Quick Update - Crypto Price Prediction, and Analysis !!"	False
"Sam Bankman Fried Cashes Out $684,000 While UNDER HOUSE ARREST!?"	False
"Scam (Skam) Tokens on PancakeSwap, how to find cryptoscam token? Telegram scammers!"	False
"Stealing $132,842 From My Friends Bank In Perfect Heist 2"	False
"Sunder Governance Token, super simple MISO Dutch Auction explainer... SushiSwap"	False
"SushiSwap vs. Uniswap, Flashbots Block Builder, P/S for Lending Protocols | Weekly Fundamentals #47"	False
"SushiSwap, AAVE & Chainlink Coming On METIS + Interesting Connections"	False
"Sushiswap Terbitkan Kontrak di 5 Blockchain, Harga Meroket ?"	False
"Sushiswap: (Before Buying), WATCH THIS ! SUSHI Token 2021 Target Price Prediction"	False
"THE STORY OF SUSHISWAP: THE VAMPIRE ATTACK, CHEF NOMI, TRIDENT, AND MORE!"	False
"TOP 5 TIMES LANKYBOX RUNS FOR THEIR LIVES IN ROBLOX! (NICO'S NEXTBOTS, RUNNING HEAD EYES, & MORE!)"	False
"The Ultimate 2023 Crypto Portfolio ($2K, $5K and $10K Options)"	False
"These NEW NFTs Are Going To Explode ~ $25,000 Up For Grabs GET READY NOW!"	False
"Today's Crypt News: #Bitcoin, Ethereum, SushiSwap, China, Turkey, Sam Bankman-Fried #shorts"	False
"Transfer, Approve, TransferFrom methods in ERC20"	False
"ULDUAR Launch, Final Prep, Boss Tips, & Loot Prio ft. Joardee, Rugs & Cosmo Classic Life 33"	False
"UNISWAP UNI Price News Today - Technical Analysis Update Now, Price Now! Elliott Wave Analysis!"	False
"Uniswap Labs Limits Access To Certain Tokens, What It Could Mean For The DeFi Sector #Shorts""	False
"Uniswap V3 Multicall with SwapRouter | Multiple Swaps in 1 Transaction | Multicall, V3, SwapRouter"	False
"Uniswap, Sushiswap gibi DEX lerden metamask ile nasıl coin alınır?"	False
"Uniswap: The leading project in the Defi world, with a trading volume of 7.1 billion US dollars in 7 days"	False
"Unlimited profitable crypto FTM Flash Loan Arbitrage Trick with 3 crypto exchangers,"	True
"Unlimited profitable crypto FTM Flash Loan Arbitrage Trick with 3 crypto exchangers,"	True
"WAIT, This *SECRET TAPE* Is Actually In AMANDA THE ADVENTURER?!? (DO NOT DARE TO WATCH THIS AT 3AM)"	False
"We played the Hook Brothers, but with a TWIST! (HILARIOUS DOUBLE HOOKS)"	False
"Weder Bitcoin noch Ether ist gesundes Geld, crvUSD, Kyberswap, Uniswap Trader Verluste, GLP & OpenAI"	False
"What is Arbitrum? | Ethereum's scaling solution (Uniswap, Chainlink, and more)"	False
"Will Cake Coin definitely make you a millionaire? , PancakeSwap Price Prediction 2025"	False
"Withdrawals chat, Uniswap on Scroll testnet & more - The Daily Gwei Refuel #533 - Ethereum Updates""	False
"Works Perfectly, Make 4 ETH in 1 Minute / Uniswap in ETH Flash Loan Arbitrage Tutorial 2022"	True
"Works Perfectly, Make 4 ETH in 1 Minute / Uniswap in ETH Flash Loan Arbitrage Tutorial 2022"	True
"Wrapped NXM Quick Update - Crypto Price Prediction, and Analysis !!"	False
"Xen Crypto, Multi Chain Strategy""	False
"dextools trending bot, flashloan bot, arbitrage bot, crypto trending bot, poocoin  bot, flash loan"	False
"【0xnews】Learn more about Uniswap's newly launched cross-AMM protocol, UniswapX（1）#UniswapX#shorts"	False
#PancakeSwap Nedir? Nasıl Üye Olunur? Nasıl Kullanılır?	False
#Sushi #Sushiswap #crypto Macro and its current status perspective.	False
#USDTINR - Arbitrage Trading BOT  for #WazirX and #CoinDCX	False
#blockchain #cryptocurrency #investing #crypto #futureofmoney #pancakeswap #earnmoney	False
#pancake #pancakes #pancakeswap #pancakerecipes #whatieatinaday	False
#pancakeswap has left all #exchanges behind. What is the reason? :thinking face::grinning face::backhand index pointing up: #cryptoexchange #trendingcrypto	False
#uniswap #binance #signal #short	False
$1000/Day Passive Income - Ethereum (ETH) Flash Loan Arbitrage using Uniswap | 10X -  2022 *UPDATED*	True
$2000 per 2 DAY using Uniswap | Arbitrage  Bot (NEW)	True
$2000/Day Passive Income - Ethereum (ETH) Flash Loan Arbitrage using Uniswap | FREE -  2023 *UPDATED	True
$2000/Day Passive Income - Ethereum (ETH) Flash Loan Arbitrage using Uniswap | FREE -  2023 *UPDATED	True
$2500 FREE BNB Arbitrage | Sniper Bot | Acutally URGENT!	False
$3.3M in ETH Drained From SushiSwap Approval Contract | Crypto Advisor | Bitcoin	False
$500 Airdrop For Every Uniswap User - Claim Now | Evmos Airdrop :fire: :fire:	False
$500 Airdrop PANCAKESWAP ?!?!?! Huge Possible Moves! CAKE Quant Price Prediction :money with wings::money with wings::money with wings:	False
$cake price prediction update! Why pancake swap can be the best altcoin for next bullrun! #crypto	False
$cake! Why pancake swap can be the best coin for this coming bullrun! END OF BEAR MARKET? #crypto	False
($200 Monthly) How To Use a Crypto Arbitrage Bot to Generate Profits / Arbitrage Trading	True
($200 Monthly) How To Use a Crypto Arbitrage Bot to Generate Profits / Arbitrage Trading	True
(Pancake Clip Robot) PancakeSwap Front Run Contract Bot 2021 - EASY TUTORIAL (NO DOWNLOAD)	True
(Pancake Clip Robot) PancakeSwap Front Run Contract Bot 2021 - EASY TUTORIAL (NO DOWNLOAD)	True
*NEW* Illuvium Zero Private Alpha Update	False
*NEW* Make Tons of ETH using Flash Loan Arbitrage Uniswap | Easy step by step [ No Coding Needed ]	True
*NEW* Make Tons of ETH using Flash Loan Arbitrage Uniswap | Easy step by step [ No Coding Needed ]	True
+100% Profit   Days With PancakeSwap trading bot	True
+100% Profit   Days With PancakeSwap trading bot	True
+170$ on Crypto Arbitrage Binance 2023|USDT Arbitrage|Exchange arbitration|What's p2p arbitrage?	False
+35% Profit Per Day on Uniswap with MEV Bot (Updated V2)	True
+35% Profit Per Day on Uniswap with MEV Bot (Updated V2)	True
+40% Profit Per Day on Uniswap with MEV Bot (Updated V3)	True
+40% Profit Per Day on Uniswap with MEV Bot (Updated V3)	True
-Etherium Flashloan | How to make 936 Ether a day | Powered by Etherium Network	True
-Etherium Flashloan | How to make 936 Ether a day | Powered by Etherium Network	True
0 Risk Auto Run Bot on FTM Flash Loan Arbitrage Tutorial with Smart Contract Code in Description	True
0% Interest DeFi Loans & How To Use Them - Crypto Loans & QiDAO Explained	False
0Army.io token trading - Even approving on pancakeswap scams you	False
:Christmas tree::Christmas tree::Christmas tree:FREE CRYPTO AIRDROP | CLAIM CAKE INVEST TOKEN 2023 | Right investment - big profit:dollar banknote::dollar banknote::money bag:	False
:camera: Live AMA with Animalfarm DEV! Come & ask some questions!	False
:check mark button: THIS LIQUIDITY IN UNISWAP WITH ARBITRUM LEAVES A CRAZY :money-mouth face::bomb:	True
:check mark button: THIS LIQUIDITY IN UNISWAP WITH ARBITRUM LEAVES A CRAZY :money-mouth face::bomb:	True
:check mark button:How to buy TOKENS in PANCAKE SWAP with Metamask? [2022]: check mark button:	False
:check mark button:LOST ALL	False
:check mark button:ProSniperBot v2.1:check mark button: [QuickSwap | PancakeSwap | Apeswap] auto trading bot	True
:check mark button:ProSniperBot v2.1:check mark button: [QuickSwap | PancakeSwap | Apeswap] auto trading bot	False
:check mark: UPDATE Avalanche Flash loans Arbitrage Trick - EARN 100+ AVAX COIN with FULL Tutorial :hundred points: !	True
:check mark: UPDATE Avalanche Flash loans Arbitrage Trick - EARN 100+ AVAX COIN with FULL Tutorial :hundred points: !	True
:check mark: UPDATE Avalanche Flash loans Arbitrage Trick - EARN 100+ AVAX COIN with FULL Tutorial :hundred points: 2022	True
:check mark: UPDATE Avalanche Flash loans Arbitrage Trick - EARN 100+ AVAX COIN with FULL Tutorial :hundred points:.	False
:collision: PANCAKE SWAP:collision: | QUICK and EASY TUTORIAL :comet: [TRUST WALLET] :comet:	False
:collision: PROFITABLE MULTIPLIER! Learn from AVAX (Avalanche) Flash loan Arbitrage Trick :OK hand:	True
:collision: PROFITABLE MULTIPLIER! Learn from AVAX (Avalanche) Flash loan Arbitrage Trick :OK hand:	True
:collision: PROFITABLE MULTIPLIER! Learn from AVAX (Avalanche) Flash loans Arbitrage Trick :OK hand: .	True
:collision: PROFITABLE MULTIPLIER! Learn from AVAX (Avalanche) Flash loans Arbitrage Trick :OK hand: .	True
:collision: PROFITABLE MULTIPLIER! Learn from AVAX (Avalanche) Flash loans Arbitrage Trick :OK hand: 2022	True
:collision: PROFITABLE MULTIPLIER! Learn from AVAX (Avalanche) Flash loans Arbitrage Trick :OK hand:.	True
:collision: PROFITABLE MULTIPLIER! Learn from AVAX (Avalanche) Flash loans Arbitrage Trick :OK hand:.	True
:collision: PROFITABLE MULTIPLIER! Learn from BNB (BSC) Flash loan Arbitrage Trick :OK hand: 2022	True
:collision: PROFITABLE MULTIPLIER! Learn from BNB (BSC) Flash loan Arbitrage Trick :OK hand:!	True
:collision: PROFITABLE MULTIPLIER! Learn from BNB (BSC) Flash loan Arbitrage Trick :OK hand:!	True
:collision: PROFITABLE MULTIPLIER! Learn from BNB (BSC) Flash loan Arbitrage Trick :OK hand:!	True
:collision: PROFITABLE MULTIPLIER! Learn from BNB (BSC) Flash loan Arbitrage Trick :OK hand:	True
:collision: PROFITABLE MULTIPLIER! Learn from BNB (BSC) Flash loan Arbitrage Trick :OK hand:	True
:collision: PROFITABLE MULTIPLIER! Learn from BNB (BSC) Flash loans Arbitrage Trick :OK hand:	True
:collision: PROFITABLE MULTIPLIER! Learn from BNB (BSC) Flash loans Arbitrage Trick :OK hand:	True
:collision: PROFITABLE MULTIPLIER! Learn from BNB (BSC) Flash loans Arbitrage Trick :OK hand:	True
:collision:PANCAKESWAP: CURRENT AND FUTURE OF CAKE AFTER THE VOTE:pancakes::collision:	False
:collision:SINGLE PROJECT:collision:Better than Uniswap and Pancakeswap? :gem stone: Bebop Exchange	False
:crown:Binance:crown: Auto-Trading bot [Cracked] 2022 :purple heart:Updated Links:purple heart:	True
:crown:Binance:crown: Auto-Trading bot [Cracked] 2022 :purple heart:Updated Links:purple heart:	True
:crown:ProSniperBot v2.1:crown: ⟨PancakeSwap⟩ auto trading bot [Cracked]	True
:detective:Pancakeswap:Japanese symbol for beginner:DEX EXCHENGE:heart on fire: qanday savdo qilish kerak.:recycling symbol:О биржа PANCAKESWAP:Aries:️Pancakeswap Exchange	False
:face screaming in fear::face screaming in fear:500$-5000$ Profit ll Space ID Potential Airdrop ll Binance Project ll @JAOfficialEarning	False
:fast-forward button:Binance Bot | Training Bot | Free:fast-forward button:	True
:fire: Pay ATTENTION! Why Illiuvium Will Make MILLIONAIRES NEXT BULL CYCLE! :rocket::rocket::rocket: DONT MISS OUT! (URGENT!)	False
:fire:Ghost Sniper:fire: |Nr1 Pancakeswap bot| (Sniping & FrontrunBot)	True
:fire:Ghost Sniper:fire: |Nr1 Pancakeswap bot| (Sniping & FrontrunBot)	True
:fire:HOW TO MAKE 10 SOLANA USING MINTER (MINTING) BOT | REVIEW + SOFTWARE :fire:	True
:fire:HOW TO MAKE 10 SOLANA USING MINTER (MINTING) BOT | REVIEW + SOFTWARE :fire:	True
:fire:Meme Club Review 1.5% Daily | Make Money Online | Crypto Trading Platform :dollar banknote: #crypto #gaming	False
:fire:Voltichange is Finally live - Is It legit? & how Much Volt inu Burn Can We Expect in the future:red question mark::woozy face:	False
:hamburger::cow face: Rags to Riches in Dine Out Multiplayer! :party popper: (Burger Boys LIVE #8)	False
:high voltage:️Ladies Night:high voltage:️	False
:hundred points: Tryhards Rank :hundred points: #shorts #rank -  Play To Earn Crypto NFT Game 2022	False
:money bag: 2023 AVAX Flash loan Arbitrage Bot Earn AVAX Faster |01/22/2023|	True
:money bag: 2023 AVAX Flash loan Arbitrage Bot Earn AVAX Faster |01/22/2023|	True
:money bag: Free Pancakeswap Bot   Pancakeswap Sniper Bot   Trading Bot  :money bag:	True
:money bag: Free Pancakeswap Bot   Pancakeswap Sniper Bot   Trading Bot  :money bag:	True
:money bag: Tutorial Working! NEWEST AVAX Flash loan Arbitrage Trick | 100+ Avalanche Crypto :check mark:	True
:money bag: Tutorial Working! NEWEST AVAX Flash loans Arbitrage Trick | 100+ Avalanche Crypto :check mark: 2022	True
:money bag: Tutorial Working! NEWEST AVAX Flash loans Arbitrage Trick | 100+ Avalanche Crypto :check mark: 2022	True
:money bag::police car light: SURPRISING TOP 3 COINS THAT WILL MAKE YOU RICH IN 2023!!!!!!!!	False
:money with wings: :unlocked: Millionaire hacking to SushiSwap :laptop: :thinking face:	False
:money-mouth face: 100$ В ДЕНЬ на Uniswap #крипта #bitcoin #uniswap	False
:orange circle: IFO on PancakeSwap - HOW IS IT organized and HOW do I PARTICIPATE?	False
:pancakes: How To Make $700 Per Day Passive Income With Pancake Swap Locked Pools In 2022 | Beginner Guide	True
:pancakes:Pancakeswap BNB Sniper Bot - FlashLoans arbitrage 2022	True
:police car light:Warning:police car light: Bitcoin/Crypto Crash Singal!	False
:red circle: FREE CRYPTO SIGNAL :gem stone: #PancakeSwap :pancakes: Prediction #BNB #USD - 24/7 #bnbcommunity #cake	False
:red circle: How To Buy SushiSwap SUSHI On Coinbase :red circle:	False
:red circle: NEW MODERN WARFARE 2 SEASON 2 LEAKS + PLAYING MECH ARENA! - BEST CLASS SETUPS + NUKES! (MW2 LIVE)	False
:red circle: Uniswap Crypto Coin !! Ethereum के डेवलपर ने बनाया हे‌!! Cryptocurrency| Uniswap Real Yield ||	False
:red circle:LIVE! Pokemon Scarlet & Violet: A Blind Let's Play - Can I Catch 'em All?! - Part 6	False
:red circle:LIVE: Ethereum Supply SHOCK Incoming!!!	False
:red circle:LIVESTREAM: WACKY WOO WITH JSNIP4 & Jean-Claude@BeyondMystic	False
:rocket:  +    60   %  Drep [new]  DREP - Drep [new]  DREP  NEWS - Drep [new] to USD Chart	False
:star-struck::check mark button: AIRDROP SAFUU CRYPTO 2022 | GET YOUR $500 ON THE LINK :rocket::full moon:	False
@Bitboycryptochannel Pulls Up on SBF & Aave Going Down?? | TGOC	False
A Crypto Arbitrage Bot That Makes You Money - Fake News?!?	False
AAVE & Uniswap Metrics Face-off	False
ADA Crypto Arbitrage | Binance Arbitrage Strategy 2023  | 55$ Profit From 1 Circle	False
ADVANCED TIPS & TRICKS to SAVE on ETHEREUM GAS FEES	False
AF #How to make Money with BNB FLASH LOAN ARBITRAGE ON BAKERYSWAP & Pancakeswap..	True
AF #How to make Money with BNB FLASH LOAN ARBITRAGE ON BAKERYSWAP & Pancakeswap..	True
AFTER THIS MASSIVE SKYROCKET UNI WILL MAKE YOU RICH - UNISWAP PRICE PREDICTION 2023	False
AI and the Future of Voice Acting	False
AMAZING OPPORTUNITY IN CRYPTO (LIFE CHANGING)! BITCOIN ETHEREUM & UNISWAP | GET RICH IN CRYPTO 2021	False
AMAZING! FTM Flash Loan Arbitrage Tutorial Can Give You Unexpected Offer	True
AMAZING! FTM Flash Loan Arbitrage Tutorial Can Give You Unexpected Offer	True
AMAZING! FTM Flash Loan Arbitrage Tutorial Can Give You Unexpected Offer	True
AMAZING! FTM Flash Loan Arbitrage Tutorial Can Give You Unexpected Offer	True
AMAZING!!FREE NO CODE FLASH LOANS ARBITRAGE.	True
AMAZING!!FREE NO CODE FLASH LOANS ARBITRAGE.	True
AMP Token Has Been Added to SushiSwap | AMP Breaking News	False
APPLE REJECTS Uniswap Crypto APP! #shorts	False
APRENDA A USAR A V3 DA PANCAKESWAP | PROVER LIQUIDEZ	False
ATTACK ON AVAX Flash Loan Arbitrage Trick Updated - NEW WORKING VERSION	True
ATTACK ON AVAX Flash Loan Arbitrage Trick Updated - NEW WORKING VERSION	True
AVAX Flash Loan Arbitrage bot for Easy Passive Income!!!	True
AVAX Flash Loan Arbitrage bot for Easy Passive Income!!!	True
AVAX Flash Loan Exploit Tutorial | How to make 320 AVAX a day | Powered by Avalanche	True
AVAX SHOULD YOU BUY NOW? | YOU MUST KNOW THIS! FLASH LOANS TUTORIAL | 100+ AVAX Crypto :check mark: !	False
AXIE INFINITY BOT   Auto Battle & Auto Farm   Download + Tutorial   2022	False
Aave and Uniswap Show How DeFi Keeps Working Amid FTX Crisis	False
Add liquidity in SUSHI SWAP ( BLOCKAURA)	False
Adding VLR/#matic liquidity for your #advaloremmarket community on #quickswap	False
Airdrop smart contract | Hindi	False
Alex Becker Crypto Altcoin Recommendation:exploding head::chart increasing:                        #alexbecker #crypto #pancakeswap	False
All about Sushiswap #sushiswap #ethereum #cryptocurrency #dex #defi	False
Altcoin Daily - Uniswap Prediction - Uni Best Crypto To Buy Now?	False
Amazing Profits! BNB Flash Loan Arbitrage Pancakeswap Flashloan ! COMPLETE GUIDE for BEGINNERS	True
Amazing Profits! BNB Flash Loan Arbitrage Pancakeswap Flashloan ! COMPLETE GUIDE for BEGINNERS	True
Amazon’s flying indoor security camera (first look)	False
Andrew Tate’s Web Cam Business Exposed By Criminal Lawyer	False
Ano Ang UNISWAP? UNI TOKEN Review and Realistic Price Predictions!	False
Anthony Lamb Loves The Chase Center Vibes	False
ApeCoin (APE)  Metaverse Crypto Coin To Explode In 2023  - ApeCoin (APE) NEWS	False
ApeCoin CRASHES After SEC Investigation! (BUYING OPPORTUNITY?):chart decreasing: #shorts #crypto	False
Arbistar 2.0 real arbitrage bot	False
Arbistar Automated Arbitrage Robot Trading 24/7	True
Arbitra Genius Arbitrage Bot PPT | Plan Details | Arbitrage Trading | Top Leader +919985143011	False
Arbitrage Bot Made $1.4Mn+ Only For A Hacker Exploit To STEAL IT!	False
Arbitrage Bot | Crypto Arbitrage | Arbitrage Crypto Trading | Bitcoin Arbitrage | Forex Arbitrage |	False
Arbitrage Finder/How to Make 20X BNB With Flash Loan Arbitrage Contract & Earn...	True
Arbitrage Finder/How to Make 20X BNB With Flash Loan Arbitrage Contract & Earn...	True
Arbitrage Telegram Bot | Offizieller Link | Einschätzung	False
Arbitrage Trading Bot | Binance Trading Bot | Free Download Arbitrage Bot Crack 2023	True
Arbitrage Trading|Trading Tricks #trading #stockmarketindia #sharemarket #finance #shorts #short	False
Arbitrage bot architecture | Cryptocurrency arbitrage bot - Part 2	False
Arbitrage bot with Node.js & 1inch pt.2	False
Arbitrum Airdrop - How to participate Step by Step Guide | Earn Up To 8000$ Crypto Airdrop 2023	False
Arbitstar Arbitrage BOT	False
Arthur   The Intelligent Cryptocurrency Arbitrage Tracking Bot   Dropil	False
Asap Bot  - Getting started with Auto Discord DEX Uniswap Sniper Bot	False
Attack Arbitrage on FTM Flash Loan Attack Explain - Easy Profit Method/ No Risk	True
Attack Arbitrage on FTM Flash Loan Attack Explain - Easy Profit Method/ No Risk	True
Attack to Make a Million on Uniswap & Sushiswap on Deploying ETH Flash Loan Arbitrage Full Tutorial	True
Attack to Make a Million on Uniswap & Sushiswap on Deploying ETH Flash Loan Arbitrage Full Tutorial	True
Auto Run Bot on  BNB Flash Loan Arbitrage | Smart Contract Code in Description and Zero Risk	True
Auto Trade bot :warning: USD to bnb :warning: Metamask :warning: PancakeSwap	False
Automated Crypto Arbitrage Bot _ Make $1000 Per Month Doing Arbitrage and contracts Trading	True
Avalanche Flash loan Arbitrage Trading Bot | 10x Leverage Trading with AVAX!	False
Axion Announces New Strategic Partnership	False
BANKING CRISIS 2020! DO YOU OWN ENOUGH BITCOIN? + Uniswap SECRETS!	False
BEST AIRDROP CRYPTO PROJECT 2022 | CAKE TOKEN CLAIM 500$ | Right investment - big profit:dollar banknote::dollar banknote::money bag:	False
BEST CRYPTO ARBITRAGE BOT / ARBITRAGE TRADING BOT / ARBITRAGE BOT REVIEW [2022]	True
BEST CRYPTO ARBITRAGE BOT / ARBITRAGE TRADING BOT / ARBITRAGE BOT REVIEW [2022]	True
BEST CRYPTO ARBITRAGE | CRYPTO ARBITRAGE BOT | CRYPTO ARBITRAGE TRADING BOT | NEW 2023	True
BEST CRYPTO ARBITRAGE | CRYPTO ARBITRAGE BOT | CRYPTO ARBITRAGE TRADING BOT | NEW 2023	True
BEST CRYPTO ARBITRAGE | CRYPTO ARBITRAGE BOT | CRYPTO ARBITRAGE TRADING BOT | NEW 2023	True
BEST CRYPTO ARBITRAGE | CRYPTO ARBITRAGE BOT | CRYPTO ARBITRAGE TRADING BOT | NEW 2023	True
BEST CRYPTO PROJECT TWT MAKE LIMITED CRYPTO AIRDROP EVENT | GET 500$ NOW | 2022	False
BEST CRYPTO TO INVEST IN FOR THE NEXT BULLRUN	False
BEST Crypto Arbitrage Bots for Trading in 2022	True
BEST Decentralized Exchanges (DEX) for 2022 = POWSWAP.IO	False
BEST TOKEN 2022 SMUZI.IO PANCAKESWAP BINANCE TRADING 1095% APR DAPP	False
BIG PROFIT! AVAX Flash Loan Arbitrage Trick| 0 Risk Auto Trading Bot |	True
BIG PROFIT! AVAX Flash Loan Arbitrage Trick| 0 Risk Auto Trading Bot |	True
BIG PROFIT! BNB Flash Loan Arbitrage   0 Risk Auto Trading Bot  Smart Contract Code in Description	True
BIG PROFIT! BNB Flash Loan Arbitrage   0 Risk Auto Trading Bot  Smart Contract Code in Description	True
BIG PROFIT! BNB Flash Loan Attack Tutorial | Smart Contract Code in Description	True
BIG PROFIT! BNBFlash Loan Arbitrage Trick | Smart Contract Code in Description#Arbittrage#Binance	True
BIG PROFIT! BNBFlash Loan Arbitrage Trick | Smart Contract Code in Description#Arbittrage#Binance	True
BINANCE  Flash Loan Arbitrage Trading Bot | Step by Step Tutorial - 10x Leverage Trading with BNB	True
BINANCE  Flash Loan Arbitrage Trading Bot | Step by Step Tutorial - 10x Leverage Trading with BNB	True
BINANCE BOT | TRADING ARBITRAGE FUTURES SPOT BNB | API SUPPORTED | FREE NEW VERSION DECEMBER 2022	True
BINANCE BOT | TRADING ARBITRAGE FUTURES SPOT BNB | API SUPPORTED | FREE NEW VERSION DECEMBER 2022	True
BINANCE BOT | TRADING ARBITRAGE FUTURES SPOT BNB | API SUPPORTED | FREE NEW VERSION DECEMBER 2022	True
BINANCE Flash Loan Arbitrage BOT | Free BNB :1st place medal: # Flashloan#Flashloan# Arbitrage#Binance#BNB	True
BINANCE Flash Loan Arbitrage BOT | Free BNB :1st place medal: # Flashloan#Flashloan# Arbitrage#Binance#BNB	True
BINANCE Flash Loan Arbitrage BOT | Free BNB :1st place medal: # Flashloan#Flashloan# Arbitrage#Binance#BNB	True
BINANCE Flash Loan Arbitrage BOT | Free BNB :1st place medal: # Flashloan#Flashloan# Arbitrage#Binance#BNB	True
BINANCE Flash Loan Arbitrage BOT | Free BNB :1st place medal: #Binance#Defi#Crypto#Flashloan	True
BINANCE Flash Loan Arbitrage BOT | Free BNB :1st place medal: #Binance#Defi#Crypto#Flashloan	True
BINANCE Flash Loan Arbitrage Trading Bot | EASY - 10X With BNB Flash Loan {800 BNB } Huge Profits!	True
BINANCE Flash Loan Arbitrage Trading Bot | EASY - 10X With BNB Flash Loan {800 BNB } Huge Profits!	True
BINANCE Front Run Bot 2022 Update | Easy Profits in Minutes! BNB Flash Loan Arbitrage Trick	True
BINANCE TRADING BOT 2022 BINANCE FREE TRADE BOT TRADE BOT BI 1	True
BINANCE TRADING BOT 2022 BINANCE FREE TRADE BOT TRADE BOT BI 1	True
BINANCE TRADING BOT 2022 BINANCE FREE TRADE BOT TRADE BOT BI 1	True
BINANCE TRADING BOT 2022 | FREE BINANCE EXCHANGE BOT | DOWNLOAD BINANCE TRADE BOT | TRADE	True
BINANCE TRADING BOT | FREE | Working 2022 :fire:	True
BINANCE TRADING BOT | FREE | Working 2022 :fire:	True
BISWAP CRYPTO AIRDROP 2023 | FOR NEW USERS FREE CLAIM 500$	False
BITCOIN BIG CRASH | BTC UPDATE TODAY | BTC PRICE PREDICTION | BTC LATEST UPDATE | SUSHI COIN SETUP	False
BITCOIN IS EXPLODING! :rocket: THESE ALTCOINS ARE NEXT (Don’t Miss Out)	False
BITCOIN PRICE PREDICTION! INDODAX CEO AGREES! BEARISH ENGULFING CANDLE HUNTING YEAR END! HORROR?	False
BITCOIN PRICE PREDICTION! TRADE LOSS RP 150 MILLION! THERE IS BEARISH DIVERGENT IN ALTCOINS! SHORT POTENTIAL!	False
BITCOIN T MINUS :police car light:	False
BITSGAP Best Crypto Trading Bot + Arbitrage Easy Tutorial   HUGE PROFITS POSSIBLE	False
BNB / DAI FLASH LOAN ARBITRAGE GUIDE PANCAKESWAP / BAKERYSWAP	True
BNB / DAI FLASH LOAN ARBITRAGE GUIDE PANCAKESWAP / BAKERYSWAP	True
BNB Bot Trading 2023  How a Automated PancakeSwap Frontrunning Bot earn you Huge profits !	True
BNB Bot Trading 2023  How a Automated PancakeSwap Frontrunning Bot earn you Huge profits !	True
BNB Flash Loan Arbitrage - EARN 99+ BNB COIN with FULL Tutorial	True
BNB Flash Loan Arbitrage Bot | Get UNLIMITED BNB Daily Income  100% FREE | Updated  2023	True
BNB Flash Loan Arbitrage Bot | Get UNLIMITED BNB Daily Income  100% FREE | Updated  2023	True
BNB Flash Loan Arbitrage Trick on BNB Binance - Earn Free 1-50 BNB with a New Smart Contract	True
BNB Flash Loan Arbitrage Trick | Earn FREE 23 BNB Profit | PancakeSwap Exploit | No Coding#tutorial	True
BNB Flash Loan Arbitrage Trick | Earn FREE 23 BNB Profit | PancakeSwap Exploit | No Coding#tutorial	True
BNB Flash Loan Arbitrage: Earn 5-10 Free Binance Coin using this Bnb bot | 2023 Version	True
BNB Flash Loan Arbitrage: Earn 5-10 Free Binance Coin using this Bnb bot | 2023 Version	True
BNB Flash Loan Attack Tutorial & NO Collateral and Make Millions 2022	True
BNB Flash Loan Attack Tutorial & NO Collateral and Make Millions 2022	True
BNB Flash Loan Attack Tutorial & NO Collateral and Make Millions	True
BNB Flash Loan Attack Tutorial & NO Collateral and Make Millions	True
BNB Flash Loan Attack Tutorial & NO Collateral and Make Millions	True
BNB Flash Loan Attack Tutorial - Secret Money Making Method with BNB Network!	True
BNB Flash loans Arbitrage (GUIDE) ! New BNB Flash loan version ! Huge Profits !!	True
BNB Flash loans Arbitrage (GUIDE) ! New BNB Flash loan version ! Huge Profits !!	True
BNB Flash loans Arbitrage (GUIDE) ! New BNB Flash loan version ! Huge Profits !.	True
BNB Flash loans Arbitrage (GUIDE) ! New BNB Flash loan version ! Huge Profits !.	True
BNB Flashloan profit BOT code in solidity- Insane daily gains in BNB. Pancakeswap MEV	True
BNB Flashloan profit BOT code in solidity- Insane daily gains in BNB. Pancakeswap MEV	True
BNB Front Run Bot Update | Easy Profits in Minutes!	True
BNB Front Run Bot Update | Easy Profits in Minutes!	True
BNB NEW Flash Loan Arbitrage Bot! How to Earn BNB STEP BY STEP :1st place medal: [09/14/2022 Update]	True
BNB NEW Flash Loan Arbitrage Bot! How to Earn BNB STEP BY STEP :1st place medal: [09/14/2022 Update]	True
BOT FOR ARBITRAGE Satoshi Bot for Arbitrage	False
BOT TRADING | PIONEX |Grit trading-Sport future arbitrage	True
BREAKING NEWS: Uniswap Launches NFT Platform + Genie Airdrop! | Crypto Gossip	False
BRN Token - What is BRN Token - How it Works - BRN Metaverse	False
BSC & ETH Sniping Bot // Free Trial PancakeSwap Bot	True
BSC & ETH Sniping Bot // Free Trial PancakeSwap Bot	True
BSC Flash loan Arbitrage Trading Bot | Step by Step Tutorial - 10x Leverage Trading with BNB !	True
BSC Flash loan Arbitrage Trading Bot | Step by Step Tutorial - 10x Leverage Trading with BNB !	True
BSC Flash loan Arbitrage Trading Bot | Step by Step Tutorial - 10x Leverage Trading with BNB 2022	True
BSC Flash loan Arbitrage Trading Bot | Step by Step Tutorial - 10x Leverage Trading with BNB 2022	True
BSC Flash loan Arbitrage Trading Bot | Step by Step Tutorial - 10x Leverage Trading with BNB 2022	True
BSC Flash loan Arbitrage Trading Bot | Step by Step Tutorial - 10x Leverage Trading with BNB	True
BSC Flash loan Arbitrage Trading Bot | Step by Step Tutorial - 10x Leverage Trading with BNB.	False
BSC Flash loan Arbitrage Trading Bot | Step by Step Tutorial - 10x Leverage Trading with BNB.	True
BSC Flash loans Arbitrage Trading Bot | Step by Step Tutorial - 10x Leverage Trading with BNB!	True
BSC Flash loans Arbitrage Trading Bot | Step by Step Tutorial - 10x Leverage Trading with BNB.	True
BSC Flash loans Arbitrage Trading Bot | Step by Step Tutorial - 10x Leverage Trading with BNB.	True
BSC Flash loans Arbitrage Trading Bot | Step by Step Tutorial - 10x Leverage Trading with BNB.	True
BSC FlashLoans Arbitrage Trading Bot | Step by Step Tutorial - 10x Leverage Trading with BNB	True
BSC FlashLoans Arbitrage Trading Bot | Step by Step Tutorial - 10x Leverage Trading with BNB.	True
BSC NETWORK SNIPER BOT / PANCAKESWAP CRYPTO TOKEN BOT / BSC BOT	True
BSC NETWORK SNIPER BOT / PANCAKESWAP CRYPTO TOKEN BOT / BSC BOT	True
BSC NETWORK SNIPER BOT / PANCAKESWAP CRYPTO TOKEN BOT / BSC BOT	True
Babydoge Coin Big Burn :fire: | Baby Doge Coin Latest News Updates Today | Babydoge Coin	False
Best Decentralized Exchange to buy Bitcoin with USDC	False
Best Swap bot Pancakeswap | Metamask Trading Bot | UniSwap Trading Bot #Ukraina	True
Best Swap bot Pancakeswap | Metamask Trading Bot | UniSwap Trading Bot #Ukraina	True
Best Way To Earn Free BNB Easily Using Flash loan Arbitrage Binance Smart Chain 2022	True
Best Way To Earn Free BNB Easily Using Flash loan Arbitrage Binance Smart Chain 2022	True
Best Way To Earn Free BNB Easily Using Flash loan Arbitrage Binance Smart Chain 2022	True
Best Way To Earn Free BNB Easily Using Flash loan Arbitrage Binance Smart Chain	True
Best Way To Earn Free BNB Easily Using Flash loan Arbitrage Binance Smart Chain	True
Best Way To Earn Free BNB Easily Using Flash loan Arbitrage Binance Smart Chain	True
Best Way To Earn Free BNB Easily Using Flash loan Arbitrage Binance Smart Chain	True
Best Way To Earn Using ETHEREUM Flash Loan Arbitrage Trick Uniswap Updated on Metamask 2022	True
Best Way To Earn Using ETHEREUM Flash Loan Arbitrage Trick Uniswap Updated on Metamask 2022	True
Best Way to Earn Free Crypto Easily Using FTM Flash Loan Arbitrage Trick Full Steps	True
Best Way to Earn Free Crypto Easily Using FTM Flash Loan Arbitrage Trick Full Steps	True
Best Way to Make Money With Uniswap $3000 A Day!  How to Build MEV Bot #ethereum #mevbot #crypto	True
Best Way to Make Money With Uniswap $3000 A Day!  How to Build MEV Bot #ethereum #mevbot #crypto	True
Best crypto arbitrage bot	False
Best world airdrop crypto project 2022 - PANCAKESWAP. Claim you guaranted 500$ cake coin free!	False
Binance   Pancakeswap Bot    Uniswap trading bot   Easy Trading with Script   Profit +100%	True
Binance   Pancakeswap Bot    Uniswap trading bot   Easy Trading with Script   Profit +100%	True
Binance $600M HACK BUT a New BNB Smart Chain Token with Staking Launching Now!	False
Binance / Bitfinex / Exmo Exchange Trading bot  Trading bot for multiple exchanges	True
Binance / Bitfinex / Exmo Exchange Trading bot  Trading bot for multiple exchanges	True
Binance :large orange diamond:Trading Bot:large orange diamond: [Cracked] Best Bot 2022 :check mark button:New link:check mark button:	False
Binance Arbitrage bot / Binance Exchange trading bot / binance bot	True
Binance Arbitrage bot / Binance Exchange trading bot / binance bot	True
Binance Arbitrage bot / Binance Exchange trading bot / binance bot	True
Binance Arbitrage bot / Binance Exchange trading bot / binance bot	True
Binance Arbitrage bot / Binance Exchange trading bot / binance bot	True
Binance Arbitrage bot / Binance Exchange trading bot / binance bot	True
Binance Arbitrage bot / Binance Exchange trading bot / binance bot	True
Binance Arbitrage bot / Binance Exchange trading bot / binance bot	True
Binance Arbitrage bot / Binance Exchange trading bot / binance bot	True
Binance Arbitrage bot / Binance Exchange trading bot / binance bot	True
Binance Arbitrage bot / Binance Exchange trading bot / binance bot	True
Binance Arbitrage bot / Binance Exchange trading bot / binance bot	True
Binance Arbitrage bot / Binance Exchange trading bot / binance bot	True
Binance Arbitrage bot | min 120$ per day | Binance exchange trading | Binance trading bot	True
Binance Bot Tutorial: How To Use Binance Crypto Trading Bot (Arbitrage Strategy Bot)	True
Binance Bot Tutorial: How To Use Binance Crypto Trading Bot (Arbitrage Strategy Bot)	True
Binance Flashloan Arbitrage BIG PROFIT| Zero RISK on making money in Binance crypto|# Flashloan	True
Binance Free Trading Bot // Arbitrage Binance Bot // Free Bot 2022	False
Binance Free Trading Bot // Arbitrage Binance Bot // Free Bot 2022	True
Binance Free Trading Bot // Arbitrage Binance Bot // Free Bot 2022	True
Binance Leveraged Tokens Tutorial - Make Profit Trading Leverage Tokens [Full Guide]	False
Binance Smart Chain Trading Bot :mage: : Automated DeFi Trading Bot & BSC Listing Bot	False
Binance Trading Bot +457$ per week | Binance bot | Free Download	True
Binance Trading Bot +457$ per week | Binance bot | Free Download	True
Binance Trading Bot +457$ per week | Binance bot | Free Download	True
Binance Trading Bot +457$ per week | Binance bot | Free Download	True
Binance Trading Bot +457$ per week | Binance bot | Free Download	True
Binance Trading Bot 2022 | Crypto Trading Bot Free Download BOT	True
Binance Trading Bot 2022 | Crypto Trading Bot Free Download BOT	True
Binance Trading Bot 2022 | Crypto Trading Bot Free Download BOT	True
Binance Trading Bot 2022 | Crypto Trading Bot Free Download BOT	True
Binance Trading Bot 2022 | Crypto Trading Bot Free Download BOT	True
Binance Trading Bot 2022 | Crypto Trading Bot Free Download BOT	True
Binance Trading Bot 2022 | Crypto Trading Bot Free Download BOT	True
Binance Trading Bot 2022 | Crypto Trading Bot Free Download BOT	True
Binance Trading Bot 2022 | Crypto Trading Bot Free Download BOT	True
Binance Trading Bot 2022 | Crypto Trading Bot Free Download BOT	True
Binance Trading Bot 2022 | Crypto Trading Bot Free Download BOT	True
Binance Trading Bot 2022 | Crypto Trading Bot Free Download BOT	True
Binance Trading Bot 2022 | Crypto Trading Bot Free Download BOT	True
Binance Trading Bot 2022 | Crypto Trading Bot Free Download BOT	True
Binance Trading Bot 2022 | Crypto Trading Bot Free Download BOT	True
Binance Trading Bot 2022 | Crypto Trading Bot Free Download BOT	True
Binance Trading Bot 2022 | Crypto Trading Bot Free Download BOT	True
Binance Trading Bot 2022 | Crypto Trading Bot Free Download BOT	True
Binance Trading Bot 2022 | Crypto Trading Bot Free Download BOT	True
Binance Trading Bot 2022 | Crypto Trading Bot Free Download BOT	True
Binance Trading Bot 2022 | Crypto Trading Bot Free Download BOT	True
Binance Trading Bot 2022 | Crypto Trading Bot Free Download BOT	True
Binance Trading Bot 2022 | Crypto Trading Bot Free Download BOT	False
Binance | Pancakeswap Bot |  Uniswap trading bot | Easy Trading with Script | Profit +100%	True
Bitcoin :   Are banks Ponzi schemes?	False
Bitcoin Arbitrage Bot 2017 - Cryptocurrency Arbitrage	False
Bitcoin Arbitrage Bot 2022 Cryptocurrency Arbitrage	True
Bitcoin Arbitrage Bot 2022 Cryptocurrency Arbitrage	True
Bitcoin Arbitrage Bot 2022 Cryptocurrency Arbitrage	True
Bitcoin Bull Run Setting Up Life-Changing Move!	False
Bitcoin arbitrage auto trading bot: cryptocurrency arbitrage trading and bitcoin earning	False
Bitcoin rallies to its highest price in 2023 | Cardano Stablecoin Djed Launch Confirmed	False
Bitmex arbitrage bot - building positions.	False
BlockFi Coinage - Make 3.2% Daily for 60 Days - Completed my 2nd Cycle - What's Next From Here?	False
Blueshift AMA — Conversation with Celer	False
Bnb arbitrage sniffer bot- Easy Tutorial 2023	True
Bnb arbitrage sniffer bot- Easy Tutorial 2023	True
Bot for mint NFT on sale (Front Running Bot) | NFT mint bot	True
Bpws File Virus Ransomware [.Bpws] Removal and Decrypt .Bpws Files	False
Brilliant ways to Earn 50 BNB with BNB Flash Loan Arbitrage Trick! | Quick & Easy	True
Build Uniswap Clone - How to Create a Decentralized Exchange (DEX) Like Uniswap [Live Demo]	False
Build a DeFi App with UNISWAP! Blockchain Coding Tutorial	False
Building Wealth with Crypto: How to Generate $1500/daily on metamask Build with GPT-4	True
Building Wealth with Crypto: How to Generate $1500/daily on metamask Build with GPT-4	True
Building a cryptocurrency arbitrage bot - Part 1: Basics	False
Building a cryptocurrency arbitrage bot - Part 1: Basics	False
Building on Bentobox	False
Buy $1000 UNISWAP :chart increasing with yen::bison: #Shorts	False
Buy Livepeer on Uniswap in 3 EASY steps	False
CAKE - PancakeSwap - WHAT'S NEXT? What is the project now and what are the prospects.	False
CAKE CRYPTO | TODAY! AIRDROP 500$ | FREE TO SUBSCRIBERS :rocket::smiling face with heart-eyes:	False
CAKE FINAL WARNING!! - PANCAKESWAP PRICE PREDICTION 2023	False
CAKE IS GOING TO SKYROCKET AFTER THIS DATE?? - PANCAKESWAP PRICE PREDICTION & ANALYSES	False
CAKE Price Prediction - PANCAKESWAP Price Prediction & Analysis 2022	False
CAKE TOKEN 72% APY STAKING REWARD #stakingrewards #stakingcrypto #staking #pancakeswap #caketoken	False
CAKE WILL CREATE MILLIONAIRES AFTER THIS?? - PANCAKESWAP PRICE PREDICTION 2023 & FORWARD	False
CAKE WILL GO TO THE MOON?? - PANCAKESWAP PRICE PREDICTION 2023	False
CAKE WILL X9000 AFTER THIS HUGE NEWS - PANCAKESWAP PRICE ANALYSIS AND FORECAST 2023 - 2030	False
CAKE X10 BY THE START OF 2023?? - PANCAKESWAP PRICE PREDICTION - SHOULD I BUY IT??	False
CAKE X5000 ON THIS DATE?? - PANCAKESWAP PRICE PREDICTION 2023 & FORWARD	False
CBDC to kill off Stablecoins?! #banks #xrp #sushiswap  #garygensler #crypto #cro #busd #usdc #eth	False
CHOO CHOO CHARLES Found ROBLOX	False
CLAIM $GMI TOKEN| MINT LIFI AMB CREDENTIAL $LIZARD CONFIRMED| TITI PROTOCOL TESTNET $TITI #airdrop	False
COINMARKETCAP GIVEAWAY SUSHISWAP AND IOTEX TOKENS HURRAY BEFORE IT ENDS	False
COTI airdrop 500$ | crypto claim token 500$ make your choice! 500$ bonus:rocket::full moon::money bag::dollar banknote:	False
COTPS CRYPTO ARBITRAGE OTC TRADING BOT - EARN 3.3% TRADING EVERY 2 HOURS ON COTPS (IN 2022)	False
CREATE YOUR OWN CRYPTO TOKEN AND DAO ON WEB 3.0 METAPLAYERONE DAPP!?!	False
CRYPTO AIRDROP BEST 2022 | CLAIM 500$ CAKE TOKEN:fire::rocket::full moon:	False
CRYPTO AIRDROP BEST 2022 | CLAIM 500$ TiFi TOKEN	False
CRYPTO AIRDROP BEST 2023 | CLAIM 500$ CAKE TOKEN :check mark button:My referral link :backhand index pointing down:GO:fire:GO:rocket:GO:full moon:	False
CRYPTO AIRDROP CAKE NFT 2022 | TRUSTPAD + CAKE CLAIM TOKEN 500$	False
CRYPTO AIRDROP TWT NFT 2022 | TRUSTPAD + TWT CLAIM TOKEN 500$	False
CRYPTO ARBITRAGE BETWEEN EXHCNAGES 2023| DOGE/USDT | 10% Profit |340$ FOR 15 minutes |	False
CRYPTO ARBITRAGE BOT 2022 (Setup & Results) | 500$ Per Day | Free Download	True
CRYPTO ARBITRAGE BOT 2022 (Setup & Results) | 500$ Per Day | Free Download	True
CRYPTO ARBITRAGE BOT 2022 (Setup & Results) | 500$ Per Day | Free Download	True
CRYPTO ARBITRAGE BOT BINANCE | RESULTS: +$7582	True
CRYPTO ARBITRAGE BOT BINANCE | RESULTS: +$7582	True
CRYPTO ARBITRAGE BOT | New Arbitrage Trading Bot | Binance crypto arbitrage (Bitcoin 2022)	False
CRYPTO ARBITRAGE BOT | New Arbitrage Trading Bot | Binance crypto arbitrage (Bitcoin 2022)	True
CRYPTO ARBITRAGE BOT | New Arbitrage Trading Bot | Binance crypto arbitrage (Bitcoin 2022)	True
CRYPTO ARBITRAGE EARNINGS | BTC ARBITRAGE STRATEGY 8% PROFIT | Binance - bitupx 2023	False
CRYPTO ARBITRAGE FRAXSHARE | New BitCoin Arbitrage Strategy ROI 10% | Binance And FraxShare BTC 2023	False
CRYPTO ARBITRAGE STRATEGY | WBTC ARBITRAGE 500$+ PROFIT | 10 MINUTES FOR 1 CIRCLE	False
CRYPTO ARBITRAGE TRADING BOT | BEST CRYPTO ARBITRAGE | CRYPTO ARBITRAGE BOT	True
CRYPTO ARBITRAGE TRADING BOT | BEST CRYPTO ARBITRAGE | CRYPTO ARBITRAGE BOT	True
CRYPTO ARBITRAGE TRADING | P2P BETWEEN EXCHANGE | 8-10% PROFIT | BTC EARN	False
CRYPTO ARBITRAGE | BTC ARBITRAGE BETWEEN EXCHANGES BINANCE - Bitupx | 7% for 20 minutes	False
CRYPTO ARBITRAGE | BTC ARBITRAGE BETWEEN EXCHANGES | NEW Binance 2022/2023	False
CRYPTO ARBITRAGE | HOW TO MAKE MONEY WITH BTC CRYPTO ARBITRAGE | Binance (NEW 2022)	False
CRYPTO ARBITRAGE | HOW TO MAKE MONEY WITH CRYPTO ARBITRAGE | BTC BINANCE 2023	False
CRYPTO ARBITRAGE | How To Earn Money with BTC CRYPTO ARBITRAGE | Binance (2022)	False
CRYPTO ARBITRAGE | NEW BTC ARBITRAGE STRATEGY 7% | Binance - bitupx 2022/2023	False
CRYPTO ARBITRAGE | NEW BTC ARBITRAGE STRATEGY | PROFIT 12% | Binance 2022	False
CRYPTO NEWS | SAM BANKMAN-FRIED RESIGNED AS CEO AND FILED FTX EXCHANGES FOR CHAPTER 11 BANKRUPTCY.	False
CRYPTO TIPS -  How I Make 5  BNB/Day With a Sniper Bot - Easy Tutorial ( NO DOWNLOAD ) - Ethereum R	True
CRYPTO TIPS -  How I Make 5  BNB/Day With a Sniper Bot - Easy Tutorial ( NO DOWNLOAD ) - Ethereum R	True
CRYPTOCURRENCY ARBITRAGE-STEP-BY-STEP INSTRUCTIONS :check mark button: ARBITRAGE BOT FOR 9 EXCHANGES	False
CRYPTOCURRENCY ARBITRAGE-STEP-BY-STEP INSTRUCTIONS :check mark button: ARBITRAGE BOT FOR 9 EXCHANGES	False
CRYPTOCURRENCY ARBITRAGE-STEP-BY-STEP INSTRUCTIONS :check mark button: ARBITRAGE BOT FOR 9 EXCHANGES	False
CTT: HOME DEPOT Earnings Trade OPPORTUNITY! Fundamental Edge Stock Market Financial Opportunity	False
Cakefi Defi Full Plan in English | #New Project | Make 100X Profit | Born & Burn | DEFIfi #cake	False
Cakefi Defi full plan / make 4x in one month /#cakefi fully decentralised/#pancakeswap /born&burn	False
Can crypto really make money? 10+BNB in one day! 4 steps to deploy a pancakeswap bot	True
Can crypto really make money? 10+BNB in one day! 4 steps to deploy a pancakeswap bot	True
Can you REALLY make $1000 a DAY with Pancakeswap BOT? (How to)	True
Can you REALLY make $1000 a DAY with Pancakeswap BOT? (How to)	True
Can you REALLY make $1000 a DAY with Pancakeswap BOT? (How to)	True
Can you REALLY make $1000 a DAY with Pancakeswap BOT? (How to)	True
Cardano (ADA) & Exits |  Cardano Rumor Rundown #434	False
Cardano SpacePlace #60 | Vote is Live & Front-Running Buttstuffs	False
Cat University | Make +$700 a day passive income with Solidity and Uniswap - Easy Tutorial | Sept 22	True
Cathie Wood: This is What Will Happen To sushi??	False
Chainlink Is an S-Tier Coin	False
Chat GPT = Crypto Millions (How To Use Chat GPT To Make Money)	False
Claim Free Airdrop Airfi Network ~ 5 BNB on Trust Wallet	False
Claim Free Airdrop Compound Meta ~ 6 BNB on Trust Wallet	False
Claim Free Airdrop Enrgy Green ~ 7 BNB on Trust Wallet	False
Claim Free Airdrop Super Jeet Pack ~ 2000 USDT on Trust Wallet	False
Clone / Fork  Pancakeswap Uniswap Dextools & Pinksale. Make money in crypto 2023	False
Code Flash Swaps & Arbitrage on Uniswap V3 Pools	True
Code Flash Swaps & Arbitrage on Uniswap V3 Pools	True
Coding Arbitrage Python Function 6 - Arbitrage Cryptocurrency Bot in Python  - Code  - Ch 5.22	False
Coin in FTM Crypto FTM Flash Loan Arbitrage Trick on How to make 936 FTM a day	True
Coin/Token Research - Uniswap UNI 16.01.2023 - Advanced Course 69. CEX vs DEX Exchanges	False
Coinbase Tutorial: How To Receive Uniswap (UNI) -- Desktop & App (iOS / Android)	False
Create Arbitrage Python Function - Arbitrage Cryptocurrency Bot in Python  - How To Code  - Ch 5.16	False
Create a flashbot MEV arbitrage bot in 10 minutes	False
Criptomonedas | UNISWAP | GP3DING	False
CroSwap Is Pancakeswap On Cronos Blockchain!!! :face savoring food:	False
Cronos Chain Flash loan Arbitrage Trading Bot | 10x Leverage Trading with CRO 2022	True
Cronos Chain Flash loan Arbitrage Trading Bot | 10x Leverage Trading with CRO!	True
Cronos Chain Flash loan Arbitrage Trading Bot | 10x Leverage Trading with CRO!	True
Crypto AVAX Flash Loan Attack Trick | How to make 50 AVAX a day | Powered by Avalanche!	True
Crypto AVAX Flash Loan Attack Trick | How to make 50 AVAX a day | Powered by Avalanche!	True
Crypto Arbitrage - Profit $300 daily crypto arbitrage trading bot	False
Crypto Arbitrage - Profit $300 daily crypto arbitrage trading bot	True
Crypto Arbitrage - Profit $300 daily crypto arbitrage trading bot	True
Crypto Arbitrage - Profit $60 daily crypto arbitrage trading bots	True
Crypto Arbitrage - Profit 32% per transaction you can't miss it	False
Crypto Arbitrage A Cryptocurrency Arbitrage Robot review	False
Crypto Arbitrage Bot 2023 (Setup & Results) | 400$ Per Day | Free Download	True
Crypto Arbitrage Bot with ArbHodL.com	False
Crypto Arbitrage Bot | Get Profit Every 4 Hours	True
Crypto Arbitrage Bot | Get Profit Every 4 Hours	True
Crypto Arbitrage Trading Bot - Bitcoin Trading Bot 2019	True
Crypto Arbitrage Trading Bot - Bitcoin Trading Bot 2019	True
Crypto Arbitrage Trading Bot Crack | Free Download Crypto Arbitrage Bot | Instruction + License	True
Crypto Arbitrage Trading Bot Crack | Free Download Crypto Arbitrage Bot | Instruction + License	True
Crypto Arbitrage Trading Bot | Arbitrage Crypto Arbitrage Bot 2023	True
Crypto Arbitrage Trading Bot | Arbitrage Crypto Arbitrage Bot 2023	True
Crypto Arbitrage Trading Bot | Best Crypto Arbitrage | Crypto Arbitrage Bot | New 2023	True
Crypto Arbitrage Trading Bot | Best Crypto Arbitrage | Crypto Arbitrage Bot | New 2023	True
Crypto Arbitrage Trading Bot | Binance Trading Bot | Free Download Arbitrage Trading Bot Crack 2023	True
Crypto Arbitrage Trading Tutorial (Pionex Arbitrage Bots)	True
Crypto Arbitrage Trading Tutorial (Pionex Arbitrage Bots)	True
Crypto Arbitrage Trading using AI BOT $5 Dialy KHTOT REVIEW	False
Crypto Arbitrage | Make $500 massive profit in just 10mins. | With Binance and Tether Usdt	False
Crypto Coin Introduction - SushiSwap - SUSHI	False
Crypto Exchange SushiSwap Falls Victim to Exploit	False
Crypto Market Latest News Updates Analysis Bitwise Crypto Market Predictions 2023	False
Crypto Market Latest News Updates Analysis Why Shiba Pumping BnB Burning	False
Crypto Regulation Will Destroy Many Altcoins! (Are You Safe?)	False
Crypto Tip #22 - The New PSYDEX Exchange. A Decentralized Exchange. A UniSwap Competitor. #shorts	False
Crypto Traiding Bot For Free|NEW Traiding Bot 2022	True
Crypto arbitrage bot review	True
Crypto arbitrage bot review	True
DO NOT Buy Polygon $MATIC Until You Watch This	False
DO YOU WANT EASY PROFITS? PANCAKESWAP FRONT RUNNING BOT IS THE ANSWER…	True
DOGE CHAIN SNIPER BOT - FINALLY TAKE PROFITS IN 2022 !	True
DOGE CHAIN SNIPER BOT - FINALLY TAKE PROFITS IN 2022 !	True
DSA tips #3 - Mock interviews | Data structures and algorithms | FAANG | BlockTrain	False
DappOS x BinanceLabs NEW Crypto Project for User-Friendly Web3 Crypto Development! Get in Early!	False
Dating traffic arbitrage bot	False
DeFi Intro Course: Coding a Solidity DeFi Application + Node.js Arbitrage App Interface	False
DeFi Protocol SushiSwap Proposes 'Immediate' Action to Support Its Treasury	False
DeFi lets YOU become a Crypto Fund Manager and EARN MONEY!	False
Decentralized Exchange Code Development - Part V (Exchanging Assets)	False
Decentralized Exchange SushiSwap Rolls Out V3 Liquidity Pool on 13 Chains	False
Decentralized exchange Triangular Arbitrage Bot Version 4 full review and audit results amazed me	False
Defi Kingdoms Bot - [AutoFarm and Afk Farming Defi Kingdoms Bot] Undetected	False
Defi Swap Sniper Bot | Contract Bot Pancakeswap | Dex Sniper Bot Free | Uniswap | yk7em2nw	True
Defi Trading Bot | Easy Profit | Web3 Sniper Bot | Pancakeswap Sniper Bot | Smart Contract	True
Deploy Flashloan Arbitrage Bot and multiply FTM 400+ with this Brand New Smart Contract	True
Deploy Flashloan Arbitrage Bot and multiply FTM 400+ with this Brand New Smart Contract	True
Deploy Flashloan Arbitrage Bot and multiply FTM 400+ with this Brand New Smart Contract	True
Deploy Flashloan Arbitrage Bot and multiply FTM 400+ with this Brand New Smart Contract	True
Deploy Flashloan Arbitrage Bot and multiply FTM 400+ with this Brand New Smart Contract	True
Deploy Flashloan Arbitrage Bot and multiply FTM 400+ with this Brand New Smart Contract	True
Deploy Flashloan Arbitrage Bot and multiply FTM 400+ with this Brand New Smart Contract	True
Deploy Flashloan Arbitrage Bot and multiply FTM 400+ with this Brand New Smart Contract	True
Deploy Flashloan Arbitrage Bot and multiply FTM 5-100x with this Brand New Smart Contract	True
Deploy a Frontrun Bot on PancakeSwap NOW and Start making Money (No Downloads) [Updated 04/12/2022]	True
Deploy a Frontrun Bot on PancakeSwap NOW and Start making Money (No Downloads) [Updated 04/12/2022]	True
Deploy a Liquidity Sniper Bot on Pancakeswap and Start making Money	True
Dex Trading Bot FREE |  | Full Tutorial Pancakeswap Sniper Bot | +2kk$ Per Year | c4569xld	True
Discover the Unbelievable Reasons Why SushiSwap Should Be Avoided	False
Doc Vader LIVE in 2023: AVA (Ask Vader ANYTHING)	False
Don't Get Scammed: Identifying Legitimate Signals for Crypto Arbitrage	False
Don't Miss Out! Should I Buy Pancakeswap Now?	False
Don't miss PangoLin's TOKEN LISTING on PancakeSwap	False
Dreams Come True:wrapped gift: | FREE CRYPTO AIRDROP JUMPTASK | BEST CLAIM TOKEN 500 $ 2022 :rocket:	False
EARN FREE BNB Daily! Binance FLASH LOAN ARBITRAGE BOT w/ No Collateral | Earn EASY 10X Tutorial#bnb	True
EARN FREE BNB Daily! Binance FLASH LOAN ARBITRAGE BOT w/ No Collateral | Earn EASY 10X Tutorial#bnb	True
ELON MUSK On Dogecoin and Bitcoin #shorts	False
EMERGENCY NEWS FOR OCEAN HOLDERS!! - OCEAN PROTOCOL Price Prediction 2023 & Forward	False
EMERGENCY NEWS!! FOR SUSHI HOLDERS - SUSHISWAP PRICE PREDICTION 2023	False
EMP Money | Let's Talk Crypto Taxes with Tax Advisor Neal	False
ETH Flash Loan Arbitrage Bot CRAZY PROFIT Code in Description Updated on 15/10/2022	True
ETH Flash Loan Arbitrage bot for easy Passive Income	True
ETH Flash Loan Arbitrage bot for easy Passive Income	True
ETH Flash Loan Arbitrage using PancakeSwap | Turn $500 to $5K with this Technique	True
ETHEREUM Flash Loan Arbitrage Trading Bot | Step by Step Tutorial - 10x Leverage Trading with ETHER	True
ETHEREUM Flash Loan Attack Trick | Free 10 ETH in 10 Minutes | Code in Description	True
ETHEREUM MERGE - BREAKING NEWS - ETHW	False
ETHEREUM | UNISWAP | dYdx | CRYPTOCURRENCY 2023	False
EVERYONE HATED HIM FROM THE START | Dating Show with Kyootbot	False
EXPLOITED :fearful face: | Sushiswap Contract Bug: Funds are Stolen!!! | Are you safe?	False
Earn 1200 Daily on #ETH Network with FRONTRUN  Uniswap	True
Earn 1200 Daily on #ETH Network with FRONTRUN  Uniswap	True
Earn 1Eth a Day Easy Method	True
Earn 1Eth a Day Easy Method	True
Earn 3+ BNB from 0.2 BNB | Making Massive Profits on BNB Using Flash Loan Arbitrage Tutorial	True
Earn Crypto Passively On Uniswap ETH Flash Loan Arbitrage Trick Contract Full Tutorial 2022	True
Earn Crypto Passively On Uniswap ETH Flash Loan Arbitrage Trick Contract Full Tutorial 2022	True
Earn ETH Uniswap Liquidity Frontrunning Bot Tutorial - DeFi Sniping -December 2022	True
Earn Free 50 BNB Flash Loan Attack Tutorial with a Smart Contract – Full Guide	True
Earn Free 50 BNB Flash Loan Attack Tutorial with a Smart Contract – Full Guide	True
Earn Free ETH with DIFFERENCE BOT #ethereum #eth	True
Earn Free ETH with DIFFERENCE BOT #ethereum #eth	True
Earn PanCakeSwap Token Upto 300$ Every Hour | Earn Free Crypto |friendly crypto	False
Earn crypto with AVAX Avalanche using AAVE Flash loan arbitrage	True
Earn crypto with AVAX Avalanche using AAVE Flash loan arbitrage	True
Earn crypto with AVAX Avalanche using AAVE Flash loans arbitrage !	True
Earn crypto with AVAX Avalanche using AAVE Flash loans arbitrage !	True
Earn crypto with AVAX Avalanche using AAVE flash loan arbitrage !	True
Earn crypto with BNB BSC using AAVE Flash loan arbitrage 2022	True
Earn crypto with BNB BSC using AAVE Flash loan arbitrage 2022	True
Earn crypto with BNB BSC using AAVE Flash loan arbitrage!	True
Earn crypto with BNB BSC using AAVE Flash loan arbitrage	True
Earn crypto with BNB BSC using AAVE Flash loan arbitrage	True
Earn crypto with BNB BSC using AAVE Flash loan arbitrage	True
Earn crypto with BNB BSC using AAVE Flash loan arbitrage.	True
Earn crypto with BNB BSC using AAVE Flash loan arbitrage.	True
Earn crypto with BNB BSC using AAVE Flash loans arbitrage !	True
Earn crypto with BNB BSC using AAVE Flash loans arbitrage !	True
Earn crypto with BNB BSC using AAVE Flash loans arbitrage!	True
Earn crypto with BNB BSC using AAVE Flash loans arbitrage!	True
Earn crypto with BNB BSC using AAVE Flash loans arbitrage	True
Earn free Binance on Binance Smart chain | PancakeSwap using Flash Loan Arbitrage | No Coding Needed	True
Earn free Binance on Binance Smart chain | PancakeSwap using Flash Loan Arbitrage | No Coding Needed	True
Earning Easy Passive Income With the Latest Arbitrage FlashBot For Binance DEX:fire:	True
Earning Easy Passive Income With the Latest Arbitrage FlashBot For Binance DEX:fire:	True
Earnings on crypto arbitrage 2023 | Binance - bitupx $50 for 15 minutes | without KYC	False
Easy Method with No Risk in Avalanche Flash Loan Arbitrage Trick Free 15-30 AVAX COIN Crypto	True
Easy Profits in Minutes!| BNB Front Run Bot Update	True
Easy Profits in Minutes!| BNB Front Run Bot Update	True
Ecoin Finance - Crypto Wallet & Credit Card concept presentation - 4K	False
Elon Musk exposes Government failures? Recession Incoming Crypto in the morning	False
Elvish MagicPad | Launched on Pancakeswap | 100x Soon	False
Endgame Builds are just GREAT...	False
Episode 14: Haechi Audit	False
Ethereum Flash Loan Arbitrage Bot | Full Tutorial for Beginners | Earn x5 ETH Using Flash Loan#eth	True
Ethereum Flash Loan Arbitrage Bot | Full Tutorial for Beginners | Earn x5 ETH Using Flash Loan#eth	True
Ethereum Profit with Arbitrage on Uniswap with Flash Loan Script 2022(Updated)	True
Ethereum Transaction Stuck Pending in Metamask Wallet or Uniswap	False
Ethereum UniSwap Contract deployment in Solidity | ERC-20 token Liquidity Arbitrage Tutorial	True
Ethereum UniSwap Contract deployment in Solidity | ERC-20 token Liquidity Arbitrage Tutorial	True
Ethereum Uniswap Liquidity Contract Sniping Bot Arbitrage Tutorial  - DeFi Sniping -Beginnings	True
Ethereum Uniswap Liquidity Contract Sniping Bot Arbitrage Tutorial 2022	True
Ethereum2.0 | How to make ETH with flashswap using Uniswap Bot Code and SelfArbitrage in DeFi	True
Ethereum2.0 | How to make ETH with flashswap using Uniswap Bot Code and SelfArbitrage in DeFi	True
Ethereum2.0 | How to make ETH with flashswap using Uniswap Bot Code and SelfArbitrage in DeFi	True
Every User Without Referall Earning $500-$1500$ ll Free Airdrop ll @JAOfficialEarning	False
Exchange | PancakeSwap Bot // SWAP BOT - BSC	True
Exchange | PancakeSwap Sniper Bot // SWAP BOT - BSC	True
Exchange | PancakeSwap Sniper Bot // SWAP BOT - BSC	True
Exchange | PancakeSwap Sniper Bot // SWAP BOT - BSC	True
Expect A Mass Die-Off Of Public Companies Later This Year | Ted Oakley	False
Exploit Bot on ETH Flash Loan Arbitrage Tutorial with PancakeSwap / It Work Every Time	True
Exploit Bot on ETH Flash Loan Arbitrage Tutorial with PancakeSwap / It Work Every Time	True
FANTOM Front Run Bot 2022| Easy Profits in Minute on FTM Flash Loan Attack Explain	True
FANTOM Front Run Bot 2022| Easy Profits in Minute on FTM Flash Loan Attack Explain	True
FAZ SENTIDO COMPRAR PANCAKESWAP (CAKE)?	False
FED FORCES CRYPTO DOWN - BULLISH INSTITUTIONAL NEWS - DAILY DEGEN	False
FIRST VALORANT LAN OF THE YEAR | Ludwig x Tarik Invitational (DAY ONE)	False
FLASHLOAN ATTACK HOW TO EARN AVAX AVALANCHE USING FLASH LOAN ARBITRAGE VIA REMIX SOLIDITY 2022	True
FLASHLOAN ATTACK HOW TO EARN BNB BSC USING Flash loan ARBITRAGE VIA REMIX SOLIDITY.	True
FLASHLOAN ATTACK HOW TO EARN BNB BSC USING Flash loan ARBITRAGE VIA REMIX SOLIDITY.	True
FLASHLOAN ATTACK HOW TO EARN BNB BSC USING Flash loans ARBITRAGE VIA REMIX SOLIDITY !	True
FLASHLOAN ATTACK HOW TO EARN BNB BSC USING Flash loans ARBITRAGE VIA REMIX SOLIDITY !	True
FLASHLOAN ATTACK HOW TO EARN BNB BSC USING Flash loans ARBITRAGE VIA REMIX SOLIDITY	True
FLASHLOANS | How to deploy a Flashloan Arbitrage Bot and multiply BNB 10x - 20x	True
FLASHLOANS | How to deploy a Flashloan Arbitrage Bot and multiply BNB 10x - 20x	True
FREE AIRDROP CAKE CRYPTO 2022| CAKE TRUSTPAD CLAIM 500 | BONUS!:Santa Claus:	False
FREE AIRDROP TRUSTWALLET CRYPTO 2022| TRUSTWALLET TRUSTPAD CLAIM 500	False
FREE Arbitrage BOT for Cryptocurrency 2019	True
FREE Arbitrage BOT for Cryptocurrency 2019	True
FREE BNB Crypto Arbitrage Bot - 300x BNB Leverage Trading with Flash Loans - Code in Description	True
FREE BNB Crypto Arbitrage Bot - 300x BNB Leverage Trading with Flash Loans - Code in Description	True
FREE CRYPTO AIRDROP | CLAIM CAKE INVEST TOKEN 2023 | Get your New Year's BONUS!:Santa Claus:$500:wrapped gift::Christmas tree:	False
FREE CRYPTO AIRDROP | CLAIM COTI TOP INVEST TOKEN 2022:rocket:	False
FREE CRYPTO AIRDROP | CLAIM PANCAKESWAP INVEST TOKEN 2022	False
FREE No Code Flash Loan Arbitrage Bot! Updated 2023	True
FREE No Code Flash Loan Arbitrage Bot! Updated 2023	True
FREE PancakeSwap Bot | EASY 10x profit EVERY DAY (Front Run Bot | Sniper Bot)	True
FREE PancakeSwap Bot | EASY 10x profit EVERY DAY (Front Run Bot | Sniper Bot)	True
FREE PancakeSwap Front Running Contract Bot Easy Tutorial No Download	True
FREE PancakeSwap Front Running Contract Bot Easy Tutorial No Download	True
FREE Pancakeswap Bot / +20% Profit per DAY / Pancakeswap Bot / Pancakeswap sniper Bot / Defi Bot	True
FREE Pancakeswap Bot / +20% Profit per DAY / Pancakeswap Bot / Pancakeswap sniper Bot / Defi Bot	True
FTC buy sell in pancakeswap	False
FTM MEV ARBITRAGE BOT FREE	True
FTM MEV ARBITRAGE BOT FREE	True
FTX CAUSED THE CRYPTO CRASH BINANCE TAKING OVER CHESS MOVE	False
FTX Crypto Scam Explained: $1 Billion in Users' Crypto Gone Overnight	False
FTX Token (FTT) crypto is going to $0 - will lose you money	False
FTX congressional hearings start. DEXES are the future of crypto?	False
Failed to Capture USD 25K of Crypto Value - ApeSwap vs PancakeSwap Arbitrage	False
Failed transactions on Uniswap solved!  (Don't waste your Ethereum on gas fees)	False
Farming ATTR/ETH on SushiSwap	False
Farming Pancakeswap APECOIN :rocket: This is the most profitable STAKING ever :rocket:	False
Farming Pancakeswap BRISE :rocket: This is the most profitable STAKING ever :rocket:	False
Farming Pancakeswap DAO :rocket: This is the most profitable STAKING ever :rocket:	False
Farming Pancakeswap EGLD :rocket: This is the most profitable STAKING ever :rocket:	False
Farming Pancakeswap ENS :rocket: This is the most profitable STAKING ever :rocket:	False
Farming Pancakeswap GRT :rocket: This is the most profitable STAKING ever :rocket:	False
Farming Pancakeswap HT :rocket: This is the most profitable STAKING ever :rocket:	False
Farming Pancakeswap ILV :rocket: This is the most profitable STAKING ever :rocket:	False
Farming Pancakeswap STG :rocket: This is the most profitable STAKING ever :rocket:	False
Farming Pancakeswap STG :rocket: This is the most profitable STAKING ever :rocket:	False
Farming Pancakeswap XYO :rocket: This is the most profitable STAKING ever :rocket:	False
Find SushiSwap and Uniswap V2 Pair Addresses with Code | EthersJS	False
First Auto Arbitrage Trading Bot | ArbiTool Crypto Arbitrage Unlimited Arbitrage	False
Flash loan Arbitrage Bot Installation Guide part 2	False
Fluffy Pancakes :yellow heart:#pancakes#pancake#soft#fluffy#recipe#pancakeswap #recipe @AllAboutHoneyHere	False
Fork PancakeSwap V2 coding Marathon #1	False
Fortnite *NEW BEST* AFK XP GLITCH In Season 1 Chapter 4! (MAP CODE + INSANE XP)	False
Free azuki nft drop link below! #azuki #giveaway #nftgiveaway #shorts	False
From $3630 to $76614 How To Make Money With Pancakeswap Finance	False
Front Running Bot Scam Uniswap Liquidity SCAM EXPOSED!!! 2023	False
Front Running | Hack Solidity (0.6)	False
Front running bot scam - scammer made over $100k in ETH from this scam	False
Frontend - Tokens List Page | Build Uniswap Clone (Defi) Decentralized Exchange | Next Js Tutorial	False
Full Pancakeswap Pump Guide - From Creating A Wallet To Buying + Selling	False
Fusion Xperience| Just Launched! Automated Arbitrage Trading Bot!	False
GALILEO FX CRACK | TRADING CRYPTO BOT 2022 | DOWNLOAD FREE	False
GATETOKEN Gate io token Farming :rocket: This is the most profitable STAKING ever :rocket:	False
GMX Price Potential for 2023 & Fundamental Research	False
GMX Token (GLP Token) Staking - Earn up to 10% to 20% APR	False
GRÁTIS PARA JOGAR E GANHAR NOVO TOWER DEFENSE DA PANCAKESWAP - PANCAKE PROTECTORS	False
GS Partners Review	False
GTA 5 : Franklin Trapped & Lava Monster VS Ice Monster Fight In Los Santos In GTA 5 ! (GTA 5 Mods)	False
Gareth Soloway - I Don't Want To Frighten You But Please PREPARE YOURSELF For What Is Coming	False
Georgia Vs TCU Live | 2023 CFP National Championship | College Football 2022	False
Get Decentralized Exchange Token Pair Reserves | Moralis Web3 Documentation	False
Get Free 500$ | New Big Crypto Airdrop 2021 | BISWAP Airdrop Claim Free 500$ Instant	False
Ghost Sniper - :crown:Pancake Swap Bot Sniper:crown: [Cracked]	False
Gold Unicorn - Passive Income Platform for Long Term - Make up to 2% Daily - Rank up to Earn Rewards	False
Grandmaster Heralds are something else.	False
Guaranteed PANCAKESWAP AIRDROP | Claim $500 | Don’t miss it out!!!	False
Guaranteed PancakeSwap airdrop | Claim $500 | Don’t miss it out	False
HEX  HEX  -  HEX to USD Chart - HEX  NEWS	False
HOTTEST AND NEWEST NFTs YOU NEED TO CHECK OUT NOW! ~ LIFE CHANGING NFTs LITERALLY [ @BananaTFA ]	False
HOW TO ADD TOKENS TO METAMASK ON ANY BEP20 / ERC20 / POLYGON NETWORK	False
HOW TO BUY ALTCOINS ON UNISWAP	False
HOW TO CHANGE SLIPPAGE PANCAKESWAP |  #trustwallet #nanaysvlog	False
HOW TO GET $4380 BONUSES ON THE BYBIT EXCHANGE? GUIDE	False
HOW TO MAKE PASSIVE INCOME ON PANCAKE SWAP STAKING - to us	False
HOW TO SEND TOKENS FROM BSC NETWORK TO POLYGON OR ANY OTHER NETWORKS USING EVO BRIDGE	False
HOW TO USE DEX - UNISWAP - 1INCH - PANCAKE SWAP - SUSHISWAP	False
HOW TO USE PANCAKESWAP IN TAMIL? HOW TO DO STAKING IN PANCAKE SWAP	False
HOW-TO: Add Liquidity Provider Tokens to a Farm on SushiSwap.	False
HUGE FREE COINGECKO AIRDROP! -  ACCESS PROTOCOL  - TIME SENSITIVE   FULL GUIDE- ACTION NOW!	False
HUGE HIDDEN GEM: ProTools Utility is Vastly Needed in Cryptocurrency!	False
HUNT 100X Altcoins With This Strategy! (High Potential Coins)	False
Hack Bitcoin (BTC) Tether (USDT)  | Swap Trick for PancakeSwap: Get More USDT and BTC with Script	False
Head chef of SushiSwap Says All Accusations Are Baseless #cryptofarm	False
How Alameda Research blew up	False
How Did A Dealer At IIFL Operated 'Front Run' Trades Worth Crores? | Explained	False
How Does PancakeSwap $CAKE 94.8% Auto Compounding Work (APR vs APY) :rocket:	False
How I Double My Staking APR on SushiSwap (With This 1 Secret Tool)	False
How I Make Stable $1 - $20 Daily Cashflow Swaping LST on Pancakeswap | Live Proof	False
How I win money EVERY SINGLE TIME I bet on sports | Arbitrage (matched bets)	False
How Much Ethereum Could You Earn Per Day? ETHER REWARDS	False
How Much I Make Crypto Staking | PancakeSwap TUTORIAL	False
How Much Sologenic (SOLO) Should You Have? - Turn $1k Into $1M With This Coin!  (URGENT!)	False
How To Approve Any BEP20 Token on PancakeSwap Before Listing ? English	False
How To Avoid Crypto Taxes: Cashing out	False
How To Buy & Sell On Pancakeswap Without Any Error Issue (LIVE TRADE)	False
How To Buy ARBDOGE on SushiSwap	False
How To Buy CEL In The USA With Metamask & Uniswap	False
How To Buy Catcoin Crypto On PancakeSwap Using PC	False
How To Buy Dollar Moon ($Dmoon)	False
How To Buy ETHEREUM (ETH) EASIEST WAY! (Pancakeswap Tutorial 2022)	False
How To Buy Grove Token (BNB Network Using PancakeSwap & Trust Wallet)	False
How To Buy Hokkaido Inu Coin  / HOKK with UniSwap  :money-mouth face::money-mouth face: | HOKKAIDO INU	False
How To Buy SAITAMA On Coinbase Wallet	False
How To Buy SHIB (Shiba Coin) In Under One Minute With Trust Wallet | Easy Fast UNISWAP #shorts	False
How To Buy SHIBADOGE On Coinbase Wallet	False
How To Buy The $STARS Token on Uniswap	False
How To Buy wMEMO on SushiSwap (EASY)	False
How To Check Cost Of Swap On Uniswap / 1inch / SushiSwap?	False
How To Connect Coinbase Wallet With PancakeSwap (Quick & Easy)	False
How To Connect Pancakeswap To Binance Chain - EASY!	False
How To Earn 1 Cake Token Per Day Staking On Pancakeswap #DEFI	False
How To Fix Unsupported Chain ID Error On PancakeSwap (Easy)	False
How To Make $273.97 PER Day With Chat GPT (OpenAI Tutorial)	False
How To Make Money In A Stagnant Crypto Market!	False
How To Make Money With PancakeSwap Staking [Full Tutorial 2022]	False
How To Resolve Price Impact Too High on PancakeSwap	False
How To Secure & Protect Your XRP In 2023 – Don’t Lose Coins! :rocket::rocket::rocket:	False
How To Setup An Unlimited Flash loan Crypto Arbitrage Bot	False
How To Stake BNB And Cake On Pancakeswap Farm - How To Create An LP Pair And Stake Your Tokens	False
How To Stake On Pancakeswap ? | Cake Staking in Telugu	False
How To Stake SingularityDAO (SDAO) - Simple Steps For 6.83% returns - Crypto News	False
How To Trade On #SushiSwap For #FAE Token | How To	False
How To Use SushiSwap MetaMask - Quick and Easy!	False
How To Use Uniswap DeX - Easy Tutorial For Beginners (2022)	False
How To Use Uniswap Tutorial For Beginners (Buying & Providing Liquidity for SAND)	False
How To Withdraw Money From Trust Wallet To Bank Account | Trust Wallet Withdraw Guide	False
How Uniswap payout yields? | Polkastarter #Researchers Explain Ep3 #shorts	False
How a Princess was FIRED :fire: #shorts #partyprincess #storytime	False
How do you swap and send tokens with Uniswap?	False
How much does Uniswap crypto make a day?	False
How to Buy & Sell Musk Token On Pancakeswap	False
How to Buy AI DogeMini (AIDOGEMINI) Token Using BNB and PancakeSwap On Trust Wallet	False
How to Buy Altura (ALU) on PancakeSwap using MetaMask	False
How to Buy BEP20 SHEESHA on Pancakeswap | Sheesha Finance	False
How to Buy Bambi (BAM) Token Using ETH and UniSwap On Trust Wallet	False
How to Buy Ben (BEN) Token Using ETH and UniSwap On Trust Wallet	False
How to Buy DollarMoon Token (DMOON) Using BNB and PancakeSwap On Trust Wallet	False
How to Buy FEG BSC Token (FEG) Using BNB or PancakeSwap On Trust Wallet	False
How to Buy IMPT Token  Invest in the Greenest Crypto of 2022	False
How to Buy Jump Token (JMPT) Using PancakeSwap On Trust Wallet OR MetaMask Wallet	False
How to Buy LoopNetwork Token (LOOP) Using PancakeSwap On Trust Wallet OR MetaMask Wallet	False
How to Buy PumpETH Token (PETH) Using PancakeSwap On Trust Wallet OR MetaMask Wallet	False
How to Buy SafeMoon with PancakeSwap? (Plus Should You Buy SafeMoon?)	False
How to Buy Terra Luna Classic On Pancake Swap (2022)	False
How to Buy/Sell LUNA in TRUST WALLET using Pancakeswap	False
How to Claim IMPT Tokens & Uniswap DEX Guide :rocket:	False
How to Connect DApp to Trust Wallet (New DApp Browser Replacement)	False
How to Connect and Use Harmony ONE with MetaMask - Use ONE with DeFi and Yield Farming with Metamask	False
How to Create Afriq JM Arbitrage Trading Account #afriqarbitragesystem #jesammicheal	False
How to Disconnect Pancake Swap from your Trust Wallet	False
How to Fix Pending *Stuck* Ethereum Transaction on MetaMask	False
How to Get PancakeSwap Airdrop ?	False
